rego,fleet,fleet_subtype
AC807,787,788
CCBBB,787,788
N273NN,EMJ,E75
N807AA,787,788
N828AW,319,319
VHXZC,737,73H
A6ENN,777,77W
B8689,330,333
BKPZ,777,77W
N129HQ,EMJ,E75
N335PH,737,738
N391HA,330,332
N446YX,EMJ,E75
N656AE,ERJ,ER4
VHYQS,717,717
AC840,787,788
B5942,330,332
FLJSB,320,320
HL7428,747,744
N507AE,CR7,CR7
N557UW,321,321
N924NN,737,738
N989NN,737,738
ZKOKM,777,77W
BLAL,330,333
C246,737,73W
HL7791,777,77L
N693AE,ERJ,ER4
N9011P,319,319
CCBER,321,321
N125AA,321,321
N181UW,321,321
N587UW,321,321
N800AN,787,788
N931AM,321,321
VHNXL,717,717
VHVKA,787,788
A6EDW,380,388
CCBGE,787,789
DQFJO,330,330
N329HA,330,332
A6ENK,777,77W
C008,737,73W
N411YX,EMJ,E75
N676AN,321,321
N973NN,737,738
VHJQG,320,320
VHLQD,DH8,DH4
VHVWU,321,321
ZSSXC,340,343
C448,DH8,DH4
CCBBI,787,789
HL8254,777,77L
N395HA,JET,332
N797AN,777,772
N822NN,737,738
N830AE,ERD,ERD
N946UW,E90,E90
A6EPZ,777,77W
N703UW,319,319
N9630A,M80,M80
A6EWF,777,77L
B5975,330,332
CCBFQ,32S,320
N389AA,757,757
RPC3506,350,359
B6093,330,333
C415,DH8,DH4
FOJGF,340,343
HL7732,777,77L
N373AA,767,763
N675AW,320,320
N833AN,787,789
N877NN,737,738
N9029F,319,319
N918AN,737,738
FOFDF,330,332
N611QX,CR7,CR7
RPC3436,340,343
VHOJU,747,744
VHZNF,787,789
CCBFK,32S,320
N123HQ,EMJ,E75
N718AN,777,77W
N775AN,777,772
N947AN,737,738
VHVYF,737,73H
ZKOJF,32S,320
ZKOKI,777,772
ZSSXG,340,343
BLHQ,330,333
C260,737,73W
C265,737,73W
CFIUF,777,77L
N8027D,319,319
N804NN,737,738
N928AN,737,738
VHQPB,330,333
B5965,330,333
B6515,330,330
C818,737,73H
N124US,32S,320
N138HQ,EMJ,E75
N155UW,321,321
N397AN,330,332
N567UW,321,321
N768US,319,319
N804AN,787,788
N921AN,737,738
ZKNZI,787,789
A6EPD,777,77W
N660CL,ERJ,ER4
N866AS,CRJ,CRJ
VHVKL,787,788
CCCOL,32S,320
CFRSO,787,789
N407YX,EMJ,E75
N754EV,CR7,CR7
N933AM,321,321
N971UY,321,321
VHQOB,DH8,DH4
ZKNZM,787,789
A6EBA,777,77W
A6EOC,380,388
C302,737,7M8
HL7626,380,388
N125HQ,EMJ,E75
N316RK,321,321
N622AE,ERJ,ER4
N963AN,737,738
VHVFX,320,320
A6ECE,777,77W
A6EOY,380,388
CCBFH,32S,320
DQFJF,737,73W
N624AE,ERJ,ER4
N980AN,737,738
P2ANQ,100,100
C233,737,73W
HL7795,330,333
N275AY,330,333
N738SK,CR7,CR7
N855NN,737,738
N925UY,321,321
VHEBB,330,332
VHVZY,737,73H
A6EBL,777,77W
CGHPY,787,788
N526EA,CR7,CR7
N910NN,737,738
VNA864,787,788
C238,737,73W
C253,737,73W
CCBFU,321,321
CGHPX,787,788
N226NN,EMJ,E75
N412YX,EMJ,E75
N436YX,EMJ,E75
N826AE,ERD,ERD
C431,DH8,DH4
CCBBF,787,788
JA865J,787,789
N3014R,319,319
N379HA,330,332
N416YX,EMJ,E75
N796AN,777,772
N907AE,ERJ,ER4
N983AN,737,738
VH373,DH8,DH3
VHQQY,F70,F70
A6EPY,777,77W
BKQQ,777,77W
CCCWY,767,763
N117UW,32S,320
N801AC,787,788
N9625W,M80,M80
N639AE,ERJ,ER4
VHVKE,787,788
VHVKJ,787,788
A6ECZ,777,77W
A6EDV,380,388
A6ENB,777,77W
C303,737,7M8
CCBHG,32S,320
N123NN,321,321
N314PD,737,738
N815AA,787,788
N971NN,737,738
VKA,788,788
VKB,788,788
ZKOJM,32S,320
CCBFR,32S,320
N776AN,777,772
N858NN,737,738
N9405T,M80,M80
RPC9902,320,320
VHXSJ,320,320
VNA888,350,359
VNA898,350,359
BKQI,777,77W
CCBFA,320,320
N434AA,M80,M80
N876AS,CRJ,CRJ
N936UW,757,752
N9677W,M80,M80
VHNHK,100,100
A6EDC,380,388
A6ENU,777,77W
A6EOX,380,388
B2023,777,773
CCBFB,32S,320
CCBFI,32S,320
N310RF,737,7M8
N533AE,CR7,CR7
N651AW,32S,320
VHEBJ,330,332
VHQOU,DH8,DH4
3BNBD,340,343
A6EOO,380,388
A6EWB,777,77L
B8579,330,333
CCBFD,32S,320
JA843J,787,788
N816NN,737,738
A6EEI,380,388
N107US,32S,320
N132AN,321,321
N237NN,EMJ,E75
N275NN,EMJ,E75
N335RT,737,7M8
N438YX,EMJ,E75
N685AE,ERJ,ER4
N938UW,321,321
VHNHA,100,100
VNA890,350,359
A6UEH,380,388
B18311,330,333
N889NN,737,738
N909AN,737,738
N922AN,737,738
RPC3435,330,332
VHQOJ,DH8,DH4
A6EBN,777,77W
C825,737,73H
N346PR,737,738
N659AE,ERJ,ER4
N912NN,737,738
BLRG,350,359
N400AN,32S,32Q
N735AT,777,77W
N851NN,737,738
N863NN,737,738
VHEBL,330,332
B6099,330,332
C440,DH8,DH4
JA736J,777,77W
N590AA,M80,M80
N762US,319,319
N768SK,CR7,CR7
N9017P,319,319
N905AN,737,738
RPC9933,330,332
VHTQL,DH8,DH3
VHUQB,100,100
A6EQA,777,77W
AC831,787,788
B7367,777,773
C305,737,7M8
N606AA,757,757
N760EV,CR7,CR7
N890NN,737,738
VHVXF,737,73H
VHXWP,100,100
A6EBT,777,77W
A6EPQ,777,77W
B16310,330,332
B2001,777,773
B6531,330,330
B7347,777,773
CCBEQ,321,321
CCBJF,321,321
N181AN,757,757
N752EV,CR7,CR7
N964TW,M80,M80
N974AN,737,738
N983NN,737,738
VH01JJ,320,320
VHVGF,320,320
VKF,788,788
A6ECY,777,77W
A6EDP,380,388
B18053,777,77W
B2046,777,773
B6075,330,332
N134HQ,EMJ,E75
N314RH,737,7M8
N354PT,737,738
3BNBM,330,339
A6EUN,380,388
CCCZT,767,763
N840NN,737,738
N958UW,E90,E90
VHNHM,100,100
B5922,330,330
N103US,32S,320
N187AN,757,757
N276NN,EMJ,E75
N607AE,ERJ,ER4
CFGEI,787,789
N648AE,ERJ,ER4
N937UW,757,752
N990NN,737,738
VHOQK,380,388
VHZNA,787,789
B6071,330,332
BKQR,777,77W
BLRQ,350,359
N124AA,321,321
N686AE,ERJ,ER4
N744SK,CR7,CR7
N992NN,737,738
VHVFL,320,320
A6EBR,777,77W
A6EOE,380,388
N948NN,737,738
VHXZE,737,73H
A6EEY,380,388
A6EGF,777,77W
A6ENE,777,77W
C306,737,7M8
CGHQQ,787,788
N281AY,330,332
N537UW,321,321
N863AS,CRJ,CRJ
CCCXI,767,763
N183UW,321,321
N343PN,737,738
ZKOJA,32S,320
B2089,777,773
B8226,330,332
N623AE,ERJ,ER4
N701SK,CR7,CR7
N942UW,757,752
ZKNHA,32S,32N
CCBAY,32S,320
CCBJD,32S,320
N136AN,321,321
N268NN,EMJ,E75
N277AY,330,333
N708SK,CR7,CR7
N777AN,787,788
N790AN,777,772
N991NN,737,738
VHZNB,787,789
N523AE,CR7,CR7
N576UW,321,321
N822AN,787,789
N823AN,787,789
P2NAX,DH8,DH8
ZSSXY,330,332
A6EGE,777,77W
A6EOZ,380,388
C408,DH8,DH4
N559UW,321,321
N652BR,CRJ,CRJ
N862AN,787,789
N862AS,CRJ,CRJ
P2AND,100,100
VHVZV,737,73H
AC833,787,788
BLRT,350,359
JA708J,777,77W
N142AN,321,321
N9015D,319,319
N923NN,737,738
VHPQA,75F,75F
ZKOKT,777,773
CFPQB,787,788
N116AN,32S,32B
N677AE,ERJ,ER4
N877AS,CRJ,CRJ
N903NN,737,738
N923US,321,321
N929NN,737,738
A6ECN,777,77W
C441,DH8,DH4
N193UW,321,321
N904NN,737,738
P2ANV,100,100
A6ECO,777,77W
B18316,330,333
B18916,350,359
BLBA,330,333
JA867J,787,789
N836AW,319,319
N950AN,737,738
VHXZI,737,73H
A6EGW,777,77W
BLNQ,330,333
C001,737,73W
C608,737,736
N260NN,EMJ,E75
N525AE,CR7,CR7
N693BR,CRJ,CRJ
VH029,787,788
B18360,330,333
B6505,330,332
B7869,777,773
N647AE,ERJ,ER4
N673AW,32S,320
N908AA,321,321
N9616G,M80,M80
N997NN,737,738
VHQPC,330,333
AC835,787,788
HL7596,777,772
N188US,321,321
N417YX,EMJ,E75
N442YX,EMJ,E75
N720EV,CR7,CR7
N998NN,737,738
CCCZU,767,763
DQFJU,330,332
N621AE,ERJ,ER4
N644AE,ERJ,ER4
N732AN,777,77W
N979AN,737,738
VHVGA,320,320
A6EBW,777,77W
N758SK,CR7,CR7
N758US,319,319
N846HK,ERJ,ER4
N901AN,737,738
N983TW,M80,M80
VH352,DH8,DH3
VHXZN,737,73H
A6EUV,380,388
AC838,787,788
B1430,777,773
N259NN,EMJ,E75
N970AN,737,738
CFGDT,787,788
N605KS,ERJ,ER4
N728SK,CR7,CR7
N953NN,737,738
A6EDN,380,388
N510UW,321,321
N903EV,CRJ,CRJ
N908EV,CRJ,CRJ
VHVZU,737,73H
B1041,330,332
N179UW,321,321
N190AA,757,757
N272NN,EMJ,E75
N409MC,74F,74Y
VHTQS,DH8,DH8
B300Q,330,332
B7973,777,773
CCCXE,767,763
DQFAB,737,7M8
FOSEA,340,343
N173US,321,321
N184US,321,321
N534UW,321,321
VHANZ,EM2,EM2
VHNHG,100,100
C421,DH8,DH4
CFGHZ,787,788
N103NN,32S,32B
N192UW,321,321
N389HA,330,332
N513AE,CR7,CR7
N730EV,CR7,CR7
N741UW,319,319
A6ECM,777,77W
B6541,330,332
BKPN,777,77W
C009,737,73W
N113AN,32S,32B
N291AY,330,332
N642AE,ERJ,ER4
N839NN,737,738
N976NN,737,738
VHQOM,DH8,DH4
VHUQW,100,100
VHVQR,320,320
A6ECG,777,77W
A6EDK,380,388
C406,DH8,DH4
N133HQ,EMJ,E75
N917UY,321,321
N956AN,737,738
N971AN,737,738
P2PXE,100,100
A6ECQ,777,77W
A6EEC,380,388
A6EUJ,380,388
N506AE,CR7,CR7
N679AW,321,321
N812AW,319,319
N869AS,CRJ,CRJ
VHTQH,DH8,DH3
B6978,330,333
BLNO,330,333
C843,737,73H
FOSSB,320,320
HL7700,777,772
N266NN,EMJ,E75
N819AE,ERD,ERD
N993AN,321,321
ZSSND,340,346
B6526,330,333
C006,737,73W
N317PG,737,738
N501BG,CR7,CR7
N722US,319,319
N904AN,737,738
N988AL,321,321
VHVXC,737,73H
AC843,787,788
B5973,330,332
CFNOH,787,788
N187US,321,321
N304RB,737,7M8
N748SK,CR7,CR7
N8009T,319,319
N824A9,787,789
ZKOJN,32S,320
A6EDM,380,388
A6EQB,777,77W
B5949,330,332
B6092,330,332
B6542,330,330
BLJC,747,744
C242,737,73W
N128HQ,EMJ,E75
N417SW,CRJ,CRJ
N750SK,CR7,CR7
N811AB,787,788
N949AN,737,738
C606,737,736
JA841J,787,788
N119NN,321,321
N909NN,737,738
VHNHY,100,100
VKE,788,788
JA869J,787,789
N604QX,CR7,CR7
N801AE,ERD,ERD
N824AN,787,789
N835HK,ERJ,ER4
N929AN,737,738
N995AN,321,321
VH566,321,321
A6EOI,380,388
B6536,330,332
BKQC,777,77W
C225,737,73H
C849,737,73H
CFNOI,787,788
N287AY,330,332
N536EA,CR7,CR7
N746SK,CR7,CR7
N817AE,ERD,ERD
N825AW,319,319
VH13JJ,320,320
A6EDZ,380,388
B18901,350,359
BKPV,777,77W
CCBGJ,787,789
N177AN,757,757
N508AE,CR7,CR7
N798AN,777,772
DQFJT,330,332
N906AA,321,321
C436,DH8,DH4
N243NN,EMJ,E75
N827AA,787,789
VHXZJ,737,73H
B8967,330,333
BLRE,350,359
N428YX,EMJ,E75
N897NN,737,738
N954NN,737,738
CCBAQ,32S,320
N135NN,321,321
B6139,380,380
B6547,330,330
B7386,777,773
C011,737,73W
C229,737,73W
C407,DH8,DH4
CCBHA,32S,320
CGHPQ,787,788
VATM0NA862,787,788
ZKOKO,777,772
A6EOF,380,388
A6EQD,777,77W
A6EUM,380,388
B18315,330,333
BKQK,777,77W
C837,737,73H
N151AN,321,321
N301PA,737,738
N984NN,737,738
RPC8764,330,332
VHLQL,DH8,DH4
A6EWE,777,77L
B8577,330,333
C847,737,73H
CCBHC,32S,320
CFIVK,777,77L
N346AN,737,738
N504AE,CR7,CR7
N671AE,ERJ,ER4
N711UW,319,319
N828AA,787,789
N968TW,M80,M80
N973AN,737,738
RPC8620,320,320
56939,330,330
B1062,330,333
C429,DH8,DH4
CFNOG,787,788
N359PX,737,738
N410YX,EMJ,E75
A6EUL,380,388
C807,737,73H
N706SK,CR7,CR7
N879NN,737,738
N9008U,319,319
VH385,DH8,DH3
VHEBP,330,332
7369,777,773
A6EEU,380,388
BLNB,330,333
BLRK,350,359
CFRTW,787,789
N37OHA,330,332
N521UW,321,321
N745VJ,319,319
N827AE,ERD,ERD
N952NN,737,738
VHFKZ,F50,F50
VHNJF,146,14Z
A6EUW,380,388
B6135,330,330
DQ,737,73H
N156AN,321,321
N306RC,737,7M8
N966AN,737,738
VHVZO,737,73H
123AA,777,777
C007,737,73W
N115HQ,EMJ,E75
N716SK,CR7,CR7
N751SK,CR7,CR7
N841NN,737,738
N861NN,737,738
VH05JJ,320,320
VHVXB,737,73H
755EV,CR7,CR7
B18005,777,77W
N611AE,ERJ,ER4
N730SK,CR7,CR7
N748EV,CR7,CR7
N803AE,ERD,ERD
N869NN,737,738
RPC9901,320,320
VHFKX,F50,F50
ZKZQD,737,73H
A6EUC,380,388
C443,DH8,DH4
C806,737,73H
N285AY,330,332
N805AE,ERD,ERD
N854AE,ERD,ERD
N960NN,737,738
A6EOP,380,388
AC839,787,788
CCBEH,321,321
N195UW,321,321
N197AN,757,757
N202UW,321,321
N380AN,767,763
N394AN,330,332
N398AN,767,763
N650AW,32S,320
N652AW,32S,320
N662AW,32S,320
N838AA,787,789
N980UY,321,321
N987AN,737,738
VHNXE,717,717
A6EOW,380,388
AC706,777,77L
BKQT,777,77W
N120EE,321,321
N539UW,321,321
N724SK,CR7,CR7
N833AE,ERD,ERD
N833NN,737,738
RPC9936,330,332
VKL,788,788
A6EQG,777,77W
C802,737,73H
CFNNH,777,77L
N827AW,319,319
N957NN,737,738
ZSSNB,340,346
A6EGQ,777,77W
N875NN,737,738
N892NN,737,738
N934NN,737,738
VHOQE,380,388
79,330,332
B8366,330,333
BLRB,350,359
CCBFV,32S,320
N222NS,EMJ,E75
N309PC,737,738
N716UW,319,319
N758EV,CR7,CR7
N996NN,737,738
C812,737,73H
N337PJ,737,738
N626AE,ERJ,ER4
N808AN,787,788
N829AN,787,789
ZKNZJ,787,789
B2039,777,773
B6079,330,332
N105UW,32S,320
N244NN,EMJ,E75
N668HH,ERJ,ER4
N990AN,737,738
VHNHF,100,100
GSTBL,777,777
N110HQ,EMJ,E75
N176UW,321,321
N385AM,330,332
N791AN,777,772
N803AW,319,319
N834AE,ERD,ERD
N842HK,ERJ,ER4
A6EBZ,777,77W
A6EMX,777,77W
B18312,330,333
N137AA,321,321
N174US,321,321
N551UW,321,321
N665BC,ERJ,ER4
N690AE,ERJ,ER4
N709BR,CRJ,CRJ
P8620,320,320
ZKNHC,32S,32N
A6EMR,777,77W
A6ENC,777,77W
B5962,330,332
B6132,330,333
B6528,330,330
C256,737,73W
CCBED,321,321
GSTDB,777,777
N191AN,757,757
N719AN,777,77W
N720AN,787,789
N991AN,737,738
VHQOA,DH8,DH4
A6EUK,380,388
A6EVC,380,388
BKQE,777,77W
C005,737,73W
C432,DH8,DH4
CCBFO,32S,320
N150UW,321,321
N572FE,330,332
N709UW,319,319
VHEBN,330,332
VHUQC,100,100
A6EBJ,777,77W
B18902,350,359
C245,737,73H
CCBFE,32S,320
DQFJP,330,330
N435SW,CRJ,CRJ
N614AE,ERJ,ER4
N831HA,330,332
N839AN,787,789
HL7634,380,388
JA844J,787,788
N402AN,321,321
N535UW,321,321
N915NN,737,738
VHXZP,737,73H
C410,DH8,DH4
CCBGI,787,789
N152AA,321,321
N538UW,321,321
N702SK,CR7,CR7
N752AN,777,772
N926UW,321,321
N951AA,737,738
N958AN,737,738
VHQOC,DH8,DH4
VHQOS,DH8,DH4
B8386,330,333
N144AN,321,321
P2ANY,F70,F70
VHVXQ,737,73H
ZKZQG,737,73H
A6EEW,380,388
B18003,777,77W
BKQN,777,77W
BLRF,350,359
C850,737,73H
GSTBB,777,777
N162UW,321,321
N199AN,757,757
N560UW,321,321
N757UW,319,319
N760US,319,319
N959UW,E90,E90
VHVZB,737,73H
CCBAL,32S,320
HL7641,380,388
N263NN,EMJ,E75
N357PV,737,738
N9023N,319,319
N994AN,321,321
VHFKO,F50,F50
VHNXG,717,717
VHTQD,DH8,DH3
VHVXE,737,73H
N348AN,767,763
N4005X,319,319
VHFKK,100,100
VHVGH,320,320
VHVWY,321,321
VHXZD,737,73H
VNA887,350,359
N223NN,EMJ,E75
N669AW,32S,320
N692AA,757,757
N804AW,319,319
N900UW,321,321
N919AN,737,738
N980NN,737,738
VH567,321,321
VHTQX,DH8,DH8
VHVKG,787,788
A6ECS,777,77W
B18001,777,77W
B18918,350,359
C418,DH8,DH4
C613,737,736
CFJZS,777,77L
GSTBI,777,777
N279AY,330,332
N715UW,319,319
N771SK,CR7,CR7
N787AL,777,772
N902NN,737,738
N905JH,ERJ,ER4
P2PAW,767,763
VHVQQ,320,320
VHZNG,787,789
VKH,788,788
A6EBD,777,77W
FOJSB,320,320
N347AN,330,332
N524AE,CR7,CR7
N615QX,CR7,CR7
N703SK,CR7,CR7
N849NN,737,738
N951SW,CRJ,CRJ
B2022,777,773
N170US,321,321
N492SW,CRJ,CRJ
N661JA,ERJ,ER4
B2020,777,773
H4BUS,32S,320
N697AB,ERJ,ER4
N842AE,ERD,ERD
N9022G,319,319
N916NN,737,738
N992AU,321,321
VHOEG,747,744
B2036,777,773
BLJH,747,744
CFGDZ,787,788
N236NN,EMJ,E75
N290AY,330,332
N766US,319,319
VHNHN,100,100
B1429,777,773
B2025,777,773
BLAM,330,333
N813AW,319,319
N915AN,737,738
RPC9935,330,332
ZKOKF,777,772
ZKOKJ,777,772
B2936,330,332
CCBAB,32S,320
N116HQ,EMJ,E75
ZKNZD,787,789
B6130,330,333
C451,DH8,DH4
FOSUN,340,343
N128AN,321,321
N33502,M80,M80
N843NN,737,738
RPC8613,320,320
B18909,350,359
C602,737,73W
N441YX,EMJ,E75
N792AN,777,772
N814AW,319,319
N928AM,321,321
N955NN,737,738
N961AN,737,738
VHANR,F70,F70
VHVZQ,737,73H
CCBFW,320,320
N143AN,321,321
N647GT,76F,76Y
VHVQJ,320,320
N161AA,321,321
N942AN,737,738
A6EBC,777,77W
BLNM,330,333
C417,DH8,DH4
CCBGG,787,789
CCCOO,32S,320
N106NN,32S,32B
N426YX,EMJ,E75
N972TW,M80,M80
N156UW,321,321
N256NN,EMJ,E75
N781AN,777,772
N814AA,787,788
N909AM,321,321
N927NN,737,738
N976AS,CR7,CR7
B2002,777,773
B5939,330,330
BLAN,330,333
JA735J,777,773
N197UW,321,321
N326RP,737,7M8
N724AN,777,77W
N835AE,ERD,ERD
N910AU,321,321
VHQPI,330,333
VHVZD,737,73H
A6ECI,777,77W
A6EGY,777,77W
N733UW,319,319
N767UW,319,319
N907AA,321,321
N986AN,321,321
RPC9932,330,332
4,330,333
A6EMQ,777,773
AC805,787,788
N508AY,321,321
N786AN,777,772
N905AU,321,321
VHLQK,DH8,DH4
VHVKF,787,788
VHVKI,787,788
AC804,787,788
BKQD,777,77W
CCBAU,32S,320
N185AN,757,757
N715SK,CR7,CR7
N728AN,777,77W
N985NN,737,738
VHVQG,320,320
B5959,330,333
HL8258,330,333
N121AN,321,321
N205UW,757,757
N228NN,EMJ,E75
N392AN,767,763
N691AE,ERJ,ER4
N708UW,319,319
N718SK,CR7,CR7
N819AN,787,788
N870NN,737,738
N898NN,737,738
N901NN,737,738
VHTQG,DH8,DH8
VHVXT,737,73H
VNA893,350,359
ZKZQF,737,73H
A6EPV,777,77W
N519UW,321,321
N868NN,737,738
N942NN,737,738
N968NN,737,738
A6EDB,380,388
A6EUQ,380,388
B6070,330,332
N545UW,321,321
N747UW,319,319
VHSBW,DH8,DH3
B8360,330,330
BLNP,330,333
N157AA,321,321
N384HA,330,332
N698CB,ERJ,ER4
N70425,M80,M80
N778XF,319,319
N858AE,ERD,ERD
N907EV,CRJ,CRJ
VHZNE,787,789
A6EGS,777,77W
B16312,330,332
CCBFC,32S,320
CCCPF,32S,320
N182UW,321,321
VHFKF,100,100
VHXZB,737,73H
VHXZF,737,73H
A6E0B,380,388
A6ECB,777,77W
B5951,330,330
B8972,330,332
FOJSE,330,332
N271NN,EMJ,E75
N338RS,737,7M8
N651AE,ERJ,ER4
N944AN,737,738
N956NN,737,738
N959AN,737,738
A6ECX,777,77W
A6EVF,380,388
B5957,330,332
BKPQ,777,77W
N520DC,CR7,CR7
N9006,319,319
P2PDX,737,73G
ZKOKP,777,77W
A6EGK,777,77W
BKQU,777,77W
N834HA,330,332
VHVQP,320,320
ZKZQC,737,73H
B18318,330,333
BLJI,747,744
CCBEI,321,321
JA05JJ,JET,JET
N770AN,777,772
N831AA,787,789
N833AA,787,789
N852NN,737,738
N913US,321,321
P2ANU,100,100
ZSSXV,330,332
B8362,330,333
N390AA,767,763
N643AE,ERJ,ER4
N883NN,737,738
N930EV,CRJ,CRJ
RPC8771,330,332
VHVGV,320,320
VNA861,787,788
ZSSXE,340,343
C227,737,736
CCBEN,32S,320
N761ND,CR7,CR7
N771XF,319,319
P2PVX,737,73G
VHSWO,EMJ,E70
VHVZF,737,73H
A6EDA,380,388
B2040,777,773
JA839J,787,788
N111ZM,32S,32B
N355PU,737,738
N396HA,330,332
N535EA,CR7,CR7
N544UW,321,321
TQK,DH8,DH3
A6EQO,777,77W
AC844,787,788
C813,737,73H
CCBEA,321,321
CFVND,787,789
GSTBJ,777,777
N242NN,EMJ,E75
N532EA,CR7,CR7
N839AA,787,789
VHEBK,330,332
VHVXU,737,73H
ZKNND,32S,32Q
A6EWD,777,77L
B2006,777,773
BKPK,777,77W
JA871J,787,789
N754SK,CR7,CR7
N83AA,787,789
N958NN,737,738
VHOEE,747,744
VJAV8,737,73H
AC845,787,788
N117HQ,EMJ,E75
N174AA,757,757
N776SK,CR7,CR7
N9016,319,319
VHVZM,737,73H
VHVZT,737,73H
ZKOKH,777,772
A6EGZ,777,77W
A6ENJ,777,77W
BLAQ,330,333
N745SK,CR7,CR7
RPC9926,320,320
CCBDA,767,763
GSTBK,777,777
N177US,321,321
N444YX,EMJ,E75
N939NN,737,738
P2PXL,DH8,DH3
VH22JJ,320,320
ZKNHB,32S,32N
BHNR,777,77W
BLRO,350,359
CCBFS,32S,320
JS863J,787,789
N135HQ,EMJ,E75
N794AN,777,772
N819NN,737,738
N838AE,ERD,ERD
VHVZJ,737,73H
A6ECV,777,77W
N837AA,787,789
VHEBE,330,332
B8870,330,330
C426,DH8,DH4
C609,737,736
CCBGK,787,789
N527EA,CR7,CR7
N660AW,32S,320
N939AE,ERJ,ER4
P2ANN,DH8,DH3
VHQOP,DH8,DH4
VHVZA,737,73H
VHXMO,73F,73Y
BLJA,747,744
C230,737,73W
C430,DH8,DH4
N118HQ,EMJ,E75
N12028,321,321
N201UU,757,752
N378HA,330,332
N739MA,737,738
N851AE,ERD,ERD
N919NN,737,738
VHFKA,100,100
A6EQJ,777,77W
B6538,330,332
N196UW,321,321
N680AE,ERJ,ER4
N836NN,737,738
N838NN,737,738
N856NN,737,738
VHANO,EMJ,E70
VHLQB,DH8,DH4
VHVQS,32S,320
B5932,330,332
B7952,777,773
N138AN,321,321
N149AN,321,321
N252NN,EMJ,E75
N493MC,74F,74Y
N936AN,737,738
VHEBM,330,332
BLRN,350,359
N931AE,ERJ,ER4
N963NN,737,738
N979UY,321,321
RPC8789,330,333
VHXWM,100,100
VNA886,350,359
B18002,777,77W
BLBJ,330,333
HL8284,777,77L
N373HA,330,332
N534AE,CR7,CR7
N733AR,777,77W
N758AN,777,772
N801NN,737,738
N809AE,ERD,ERD
BLAF,330,333
C422,DH8,DH4
C447,DH8,DH4
CCBDB,767,763
CFIVQ,777,77L
N4032T,319,319
N830AW,319,319
N837AW,319,319
VHVGQ,320,320
BLRV,350,359
CCBEF,321,321
JA830J,787,789
N689EC,ERJ,ER4
N907NN,737,738
N926AN,737,738
N963UW,E90,E90
N987AM,321,321
N994NN,737,738
VHQOW,DH8,DH4
VHUQA,100,100
VHVQL,320,320
VHVYL,737,73H
VHXZL,737,73H
ZKNZG,787,789
B5936,330,332
N916AN,737,738
N935NN,737,738
RPC9918,320,320
VHVFO,320,320
YJAV1,737,73H
A6ETL,380,388
B5930,330,332
B5933,330,332
BKPX,777,77W
BLRD,350,359
CCCXD,767,763
HL7756,777,77L
N110AN,32S,32B
N270AY,330,333
N381AN,767,763
N439YX,EMJ,E75
N732SK,CR7,CR7
N754UW,319,319
N822AW,319,319
N982VJ,321,321
VHOEJ,747,744
C243,737,73W
CCBBA,787,788
CFRSA,787,789
N171US,321,321
N262NN,EMJ,E75
N712US,319,319
N760SK,CR7,CR7
N881NN,737,738
N9021H,319,319
VHVWX,321,321
A6EGP,777,77W
B18917,350,359
BLJF,747,744
CCCWV,767,763
N552UW,321,321
N594SW,CRJ,CRJ
N741EV,CR7,CR7
N841AE,ERD,ERD
N914UY,321,321
VNA867,787,788
ZSSXD,340,343
A6EDS,380,388
A6EQN,777,77W
BKPI,777,77W
BKPL,777,77W
BLJG,747,744
CCBGB,787,789
N277NN,EMJ,E75
N391AA,757,757
N669MB,ERJ,ER4
N752US,319,319
N932AE,ERJ,ER4
VHXZA,737,73H
A6EPE,777,77W
A6EUR,380,388
C239,737,73W
C439,DH8,DH4
N679AN,757,757
VHEBQ,330,332
VHOQD,380,388
VHTQY,DH8,DH3
ZKOKN,777,772
B5925,330,332
BKPS,777,77W
C827,737,73H
N152UW,321,321
N501AA,M80,M80
N928NN,737,738
N982NN,737,738
VNA869,787,788
A6ECT,777,77W
B18910,350,359
N464SW,CRJ,CRJ
N812NN,737,738
N955UW,E90,E90
VHVXG,737,73H
A6EUF,380,388
N427YX,EMJ,E75
BKPA,777,77W
BLAZ,330,333
CCBAF,32S,320
N107NN,32S,32B
N207UW,321,321
N293AY,330,332
N421YX,EMJ,E75
N904EV,CRJ,CRJ
VHEBG,330,332
VHQOI,DH8,DH4
BKPU,777,77W
N409YX,EMJ,E75
N516AE,CR7,CR7
N825AE,ERD,ERD
N977NN,737,738
A6ENA,777,77W
C221,737,73W
C437,DH8,DH4
CFNND,777,77L
JA733J,777,772
N531EG,CR7,CR7
N740EV,CR7,CR7
VHNHQ,100,100
VHSBT,DH8,DH3
VHVKD,787,788
B6057,330,332
C673,767,76W
N191UW,321,321
N492MC,74F,74Y
N507AY,321,321
N513AA,M80,M80
N726AN,777,77W
N801AW,319,319
N844NN,737,738
VHVZH,737,73H
C817,737,73H
N625AE,ERJ,ER4
N672AW,320,320
ZSSNA,340,346
B6113,330,332
C252,737,73W
CCCXH,767,763
CFIVX,777,77L
JA734J,777,77W
N117AN,32S,32B
N7528A,M80,M80
N840AE,ERD,ERD
N902EV,CRJ,CRJ
N981UY,321,321
N992AN,737,738
CCBFX,32S,320
CCBJE,32S,320
N350RV,737,7M8
N895NN,737,738
VHVFH,320,320
VHVFY,320,320
A6EBS,777,77W
B6140,380,380
BLAK,350,359
C449,DH8,DH4
HL7794,330,333
JA21JJ,JET,JET
N682AE,ERJ,ER4
N993NN,737,738
B7882,777,773
CCBFT,32S,320
N422YX,EMJ,E75
N549UW,321,321
N755US,319,319
RPC9907,320,320
VHVXK,737,73H
VHVZE,737,73H
CCBKA,787,788
N817NN,737,738
N831NN,737,738
TBA,EMJ,E70
VHTQE,DH8,DH3
VHVGZ,320,320
ZSSNG,340,343
CGHPT,787,788
N729AN,777,77W
N802NN,737,738
N809AA,787,789
N834AW,319,319
B8231,330,332
C831,737,73H
CCCML,767,763
CGHPU,787,788
N107HQ,EMJ,E75
N445YX,EMJ,E75
N803AL,787,788
N852AE,ERD,ERD
RPC9916,320,320
VHUQD,100,100
C445,DH8,DH4
CCBEC,321,321
N900AE,ERJ,ER4
VHVYI,737,73H
VHYQU,717,717
B5943,330,332
B6122,330,332
B6123,330,332
C218,737,73W
C241,737,73W
N136HQ,EMJ,E75
N239NN,EMJ,E75
N380HA,330,332
N865NN,737,738
N9618A,M80,M80
B5928,330,330
C220,737,73W
C411,DH8,DH4
N308RD,737,7M8
N405YX,EMJ,E75
N813AN,787,788
N947SW,CRJ,CRJ
B6137,380,380
B6546,330,332
BHLQ,330,333
BLMN,330,333
C212,737,73W
N101HQ,EMJ,E75
N235NN,EMJ,E75
N542EA,CR7,CR7
N613AE,ERJ,ER4
N9004F,319,319
N954U,M80,M80
PWPXW,767,763
RPC8780,330,333
VHDIL,EM2,EM2
VHQOX,DH8,DH4
VHTQM,DH8,DH3
B18055,777,77W
B6537,330,332
C828,737,73H
N280AY,330,332
N388HA,330,332
N725AN,777,77W
N725UW,319,319
N734AR,777,77W
N753SK,CR7,CR7
N835AN,787,789
N941AN,737,738
VH003,320,320
VHANY,SWM,SWM
BKPT,777,77W
N163US,321,321
N258NN,EMJ,E75
N619AE,ERJ,ER4
N672AE,ERJ,ER4
N717AN,777,77W
N810AW,319,319
N859NN,737,738
N920AN,737,738
N990AU,321,321
A6EER,380,388
B18007,777,77W
N433YX,EMJ,E75
N874AS,CRJ,CRJ
N938AN,737,738
A6EQF,777,77W
B18051,777,77W
B306Y,350,359
N618AE,ERJ,ER4
N742PS,319,319
N7541A,321,321
N826NN,737,738
RPC9912,320,320
3BNBJ,330,332
A6EBV,777,77W
C308,737,7M8
N183AN,757,757
N977UY,321,321
B7368,777,773
N108NN,32S,32B
N701UW,319,319
N819AW,319,319
N832NN,737,738
N919US,321,321
N942LL,ERJ,ER4
N979TW,M80,M80
VHSBV,DH8,DH3
C427,DH8,DH4
JA842J,787,788
N537EA,CR7,CR7
N707SK,CR7,CR7
N774AN,777,772
VHEBA,330,332
3BNBI,330,332
B5940,330,330
C003,737,73W
C248,737,73W
N399AN,767,763
N399HA,330,332
N401YX,EMJ,E75
RPC8763,330,332
RPC8781,330,333
VH351,DH8,DH3
VHNJV,146,14Z
AC703,777,77L
B6072,330,332
C851,737,73H
N166NN,321,321
N265NN,EMJ,E75
N475MC,74F,74Y
N578UW,321,321
N925AN,737,738
A6EBO,777,77W
N800NN,737,738
N949NN,737,738
P2ANR,100,100
VH387,DH8,DH3
VHFKJ,100,100
ZKOJI,32S,320
A6EBF,777,77W
B18359,330,333
N388AA,330,332
N395AN,767,763
N425YX,EMJ,E75
N679AE,ERJ,ER4
N913AN,737,738
N937NN,737,738
A6EPO,777,77W
B2033,777,773
B2037,777,773
C835,737,73H
CCBBD,787,788
N377AN,767,763
N681AE,ERJ,ER4
N750AN,777,772
N756AM,777,772
N880NN,737,738
N935AE,ERJ,ER4
N941LT,ERJ,ER4
VHVYZ,737,73H
A6EGX,777,77W
CFSBV,787,789
GSTBE,777,777
KDK,SF3,SFF
N566AA,M80,M80
N986NN,737,738
VHANQ,EM2,EM2
VHOJS,747,744
VHVYB,737,73H
ZKOKR,777,77W
C607,737,736
N189UW,321,321
N688AE,ERJ,ER4
N925NN,737,738
C236,737,73H
N198UW,321,321
N7514A,M80,M80
B2045,777,773
B8968,330,332
C810,737,73H
GSTBH,777,777
N692AE,ERJ,ER4
N810AN,787,789
N951UW,E90,E90
N9629H,M80,M80
A6ECA,777,77W
A6EOB,380,388
B18912,350,359
C247,737,73W
CCBKB,777,772
N261NN,EMJ,E75
N887NN,737,738
N936NN,737,738
N959NN,737,738
B2090,777,773
BKQG,777,77W
C261,737,73W
FOLOV,340,343
N315PE,737,738
N350AN,330,332
N418MC,74F,74Y
N420YX,EMJ,E75
N759EV,CR7,CR7
N765SK,CR7,CR7
N833AW,319,319
P2NAZ,DH8,DH8
TQL,DH8,DH3
VHEBR,330,332
VHXWR,100,100
VNA865,787,788
A6ENR,777,77W
C442,DH8,DH4
N721AN,777,77W
VHQOK,DH8,DH4
B305X,350,359
N251NN,EMJ,E75
N338PK,737,738
N443YX,EMJ,E75
N818AW,319,319
N871NN,737,738
N903AN,737,738
P2ANE,100,100
VHLQJ,DH8,DH4
3BMRU,330,332
A6EBH,777,77W
AC806,787,788
BLRJ,350,359
N124HQ,EMJ,E75
N477CA,CRJ,CRJ
N811NN,737,738
VHPNI,737,733
VNA987,350,359
ZKNZQ,787,789
A6ENH,777,77W
BLRC,350,359
C216,737,73W
FOZNC,32S,320
JA836J,787,788
A6ECU,777,77W
C255,737,73W
N129AA,321,321
N231AN,EMJ,E75
A6EBK,777,77W
A6EDG,380,388
A6EQL,777,77W
B7343,777,773
BKPY,777,77W
CFIVS,777,77L
FOPHSD,330,332
N141NN,321,321
N541EA,CR7,CR7
N857NN,737,738
VH361,DH8,DH3
A6ENX,777,77W
A6ENZ,777,77W
B5961,330,332
BHLW,330,333
BLRI,350,359
N158AN,321,321
N742SK,CR7,CR7
VHQOD,DH8,DH4
A6EOJ,380,388
B18903,350,359
C423,DH8,DH4
CFGDX,787,788
CFKSV,787,788
N125UW,321,321
N803NN,737,738
N867NN,737,738
VHOQB,380,388
VHXNU,737,733
A6EEX,380,388
BLRX,350,359
C816,737,73H
N906AN,737,738
N118NN,321,321
N756SK,CR7,CR7
N944NN,737,738
RPC3438,340,343
ZKOJC,320,320
B18052,777,77W
BKQL,777,77W
C601,737,736
C615,737,736
CFRSE,787,788
N704US,319,319
VNA862,787,788
C222,737,73W
N360HA,330,332
N519AE,CR7,CR7
N846NN,737,738
VHVFD,320,320
N112HQ,EMJ,E75
N162AA,321,321
N270NN,EMJ,E75
N755EV,CR7,CR7
N9622A,M80,M80
VHYNU,737,733
A6EET,380,388
A6EGG,777,77W
BHLS,330,333
VHFKD,JET,100
VNA891,350,359
A6EMN,777,773
A6EPB,777,77W
N109UW,32S,320
N831AN,787,789
N923AE,ERJ,ER4
N932AM,321,321
RPC9925,320,320
A6EDH,380,388
BKQO,777,77W
CCCXF,767,763
DQFJW,330,333
N179AA,757,757
N190UW,321,321
N303RE,737,7M8
N494AA,M80,M80
N529EA,CR7,CR7
N755AN,777,772
N822AE,ERD,ERD
N874NN,737,738
N894NN,737,738
N9620D,M80,M80
N978NN,737,738
B5931,330,332
C452,DH8,DH4
N148AN,321,321
N321RL,737,7M8
N404YX,EMJ,E75
N440YX,EMJ,E75
N807NN,737,738
VHQPH,330,333
VNA,787,788
B737,737,738
BKPR,777,77W
CCBBE,787,788
N196AA,757,757
RPC8782,330,333
VHXWQ,100,100
VNA896,350,359
CCBAG,32S,320
CFVLU,787,789
N3,330,332
N602AN,757,757
VHVFV,320,320
A6ECL,777,77W
A6EDE,380,388
A6EPK,777,77W
C266,737,73W
N750UW,319,319
N762AN,777,772
N978UY,321,321
VHOQF,380,388
A6EPH,777,77W
A6EUZ,380,388
B6073,330,332
B8971,330,332
CCBAW,320,320
CCBEB,321,321
VHVXM,737,73H
ZKZQH,737,73H
BKQV,777,77W
CCBEP,321,321
N823AE,ERD,ERD
VHNHP,100,100
AC846,787,788
N130HQ,EMJ,E75
N224NN,EMJ,E75
N655AW,32S,320
N965NN,737,738
VHVXN,737,73H
N114NN,32S,32B
N264NN,EMJ,E75
N740UW,319,319
N795AN,777,772
N947UW,E90,E90
A6EMS,777,77W
B2961,330,332
B7349,777,773
C235,737,73W
JA742J,777,77W
N341RW,737,7M8
N862NN,737,738
RPC3441,330,332
VHQPE,330,333
VHXNH,73F,73X
A6EPT,777,77W
BLAD,330,333
C809,737,73H
CFGEO,787,789
CFRSI,787,789
N289AY,330,332
N515AE,CR7,CR7
N712SK,CR7,CR7
N731AN,757,757
N772XF,319,319
N918US,321,321
TFLLX,737,73G
VH375,DH8,DH3
B0000,330,332
C232,737,73W
CCBCD,32S,320
N278NN,EMJ,E75
N418YX,EMJ,E75
N751UW,319,319
VHJQX,320,320
VHLQM,DH8,DH4
VHQPJ,330,333
VHZND,787,789
VNA871,787,788
3BNBE,330,332
BLAX,330,333
CCBGH,787,789
N336RU,737,738
N9026C,319,319
VHNHO,100,100
YHXNU,767,763
CCBGL,787,789
VHOQJ,380,388
VHVFQ,320,320
AC803,787,788
B5937,330,332
C435,DH8,DH4
N151UW,321,321
N673AE,ERJ,ER4
N879AS,CRJ,CRJ
N886NN,737,738
VHNHI,100,100
A6EBB,777,77W
A6EWI,777,77L
N305NX,737,738
N406YX,EMJ,E75
N612AE,ERJ,ER4
N683AE,ERJ,ER4
N946AN,737,738
VHLQQ,DH8,DH4
VHVGP,320,320
ZSSXW,340,346
FOJBS,32S,320
N601AW,32S,320
N613QX,CR7,CR7
N628AE,ERJ,ER4
N678AN,757,757
N7550,M80,M80
N767AJ,777,772
N831AW,319,319
N837AE,ERD,ERD
N878NN,737,738
N966TW,M80,M80
VHNXJ,717,717
VHXMB,73F,73Y
ZSSNI,340,346
A6ECF,777,77W
A6EGH,777,77W
N324RN,737,7M8
N676AE,ERJ,ER4
N927UW,321,321
VHNKQ,F70,F70
VHQQV,F70,F70
VHVYK,737,73H
A6EES,380,388
A6ENQ,777,77W
N497MC,74F,74Y
N810AE,ERD,ERD
N971TW,M80,M80
RPC8618,320,320
VHSBI,DH8,DH3
A6EWJ,777,77L
C401,DH8,DH4
N727AN,777,77W
N923AN,737,738
VHVKB,787,788
VHXZH,737,73H
A6EEV,380,388
B2031,777,773
C237,737,73W
GSTBF,777,777
N137HQ,EMJ,E75
N7547A,M80,M80
VHANF,EMJ,E70
VHVFU,320,320
VHVXH,737,73H
A6ENS,777,77W
BKPM,777,77W
CCBBH,787,788
N866NN,737,738
N929AA,321,321
N975UY,321,321
A6EGR,777,77W
A6EUA,380,388
N115NN,32S,32B
N652RS,ERJ,ER4
N691AA,757,757
N963TW,M80,M80
VHVWZ,321,321
VHVYE,737,73H
VKD,788,788
A6EQH,777,77W
A6EUI,380,388
C251,737,73W
N558UW,321,321
N770SK,CR7,CR7
N917NN,737,738
N955SW,CRJ,CRJ
RPC9919,320,320
A6EEF,380,388
B1063,330,333
B8359,330,333
CCBGM,787,789
N145AN,321,321
N722AN,777,77W
N807AE,ERD,ERD
RPC3503,350,359
A6ECP,777,77W
B6121,330,332
BLRU,350,359
N186AN,757,757
N699BR,CRJ,CRJ
N705UW,319,319
N834AA,787,789
N9681B,M80,M80
VHVYG,737,73H
N127HQ,EMJ,E75
N165NN,321,321
N278AY,330,332
N804AE,ERD,ERD
VNA895,350,359
A6EBY,777,77W
C803,737,73H
HL7625,380,388
JA738J,777,77W
N111US,32S,320
N199UW,321,321
N752SK,CR7,CR7
N753US,319,319
N772AN,777,772
N8030F,319,319
N893NN,737,738
N962NN,737,738
VHNHJ,100,100
VNA863,787,788
A6EPF,777,77W
AC836,787,788
N119US,32S,320
N186US,321,321
N687JS,ERJ,ER4
N815AW,319,319
N830NN,737,738
VH07JJ,320,320
VHVXO,737,73H
C815,737,7M8
JA845J,787,788
N126UW,32S,320
N241NN,EMJ,E75
VH394,DH8,DH3
VHVWT,321,321
CCBEK,321,321
GSTBD,777,777
N161UW,321,321
VHQPG,330,333
VHVFF,320,320
ZKZQE,737,73H
A6EOU,380,388
A6EPC,777,77W
B5938,330,332
BHLR,350,359
CCBAE,32S,320
N909AE,ERJ,ER4
N987NN,737,738
N996AN,321,321
VHVWN,321,321
A6EBG,777,77W
A6EQK,777,77W
BHLP,330,333
C853,737,73H
CGHPV,787,788
N382HA,330,332
N401AN,32S,32Q
N426AA,M80,M80
N721UW,319,319
762SK,CR7,CR7
B6101,330,333
N118US,32S,320
N194UW,321,321
N403YX,EMJ,E75
N782AN,777,772
N939AN,737,738
VHLQH,DH8,DH4
VHUQF,100,100
VHVQH,320,320
B8426,330,330
BLJK,747,744
DQN,737,73H
JA861J,787,788
N840AW,319,319
N855AE,ERD,ERD
VH520,320,320
VHNXR,717,717
3BNBL,330,332
N483A,M80,M80
N756US,319,319
N970UY,321,321
VH525,320,320
VHZNC,787,789
ZKOKG,777,772
BKQB,777,77W
BKQY,777,77W
N465SW,CRJ,CRJ
N653AE,ERJ,ER4
N8031M,319,319
VH360,DH8,DH3
VHFGB,100,100
VHVWW,321,321
VHYQV,717,717
RPC8614,320,320
VHNXH,717,717
VHVGO,320,320
B2032,777,773
CCBAA,32S,320
N104HQ,EMJ,E75
N424AA,M80,M80
N908AN,737,738
N965TW,M80,M80
N972AN,737,738
RPC9914,320,320
A6EEG,380,388
A6EVB,380,388
B16311,330,332
B6076,330,332
C605,737,736
DQFJG,737,73H
N638AE,ERJ,ER4
N764US,319,319
VHJQL,320,320
VHVZC,737,73H
A6EDT,380,388
A6EUX,380,388
CCCWF,767,763
HL7635,380,388
N188AN,757,757
N705SK,CR7,CR7
N808AW,319,319
N906NN,737,738
N945AN,737,738
N975AN,737,738
N976UY,321,321
A6E01,380,388
A6ECK,777,77W
BKQS,777,77W
C838,737,73H
HK7791,777,77L
N146AA,321,321
N805NN,737,738
N9018E,319,319
N955AN,737,738
RPC3439,330,332
RPC8619,320,320
VHVZR,737,73H
A6EOT,380,388
A6EUH,380,388
JA838J,787,788
N664AW,32S,320
N678AE,ERJ,ER4
VHNXQ,717,717
VHQOR,DH8,DH4
VHQPF,330,333
ZKZQA,737,73H
N614QX,CR7,CR7
N694AE,ERJ,ER4
N713UW,319,319
N821AE,ERD,ERD
N824AW,319,319
VHNKU,F70,F70
ZSSNF,340,346
B6091,330,332
BKQW,777,77W
C307,737,7M8
C819,737,73H
DQFJN,737,73H
N159AN,321,321
N717UW,319,319
N885NN,737,738
VHQQX,F70,F70
A6EUB,380,388
N167US,321,321
N193AN,757,757
N273AY,330,333
N785AN,777,772
N939UW,321,321
N989AU,321,321
VHQOH,DH8,DH4
ZKNZN,787,789
A6EDR,380,388
B5966,330,330
B6545,330,332
CCBGC,787,789
N647AW,757,752
N663AR,ERJ,ER4
N808AE,ERD,ERD
N848NN,737,738
N9615W,M80,M80
VHVWQ,321,321
ZSSNE,340,343
76B,737,73H
A6EDX,380,388
A6EE0,380,388
AC841,787,788
B2088,777,773
B6019,330,333
B8363,330,333
N121UW,32S,320
N313SB,737,7M8
N423YX,EMJ,E75
N812AA,321,321
N912UY,321,321
N930NN,737,738
B8365,330,333
BLNN,330,333
CCBFG,32S,320
GSTBA,777,777
N267NN,EMJ,E75
N269NN,EMJ,E75
N279MQ,EMJ,E75
N922AE,ERJ,ER4
N255NN,EMJ,E75
N386HA,330,332
B2021,777,773
B304D,350,359
N876NN,737,738
N904AA,321,321
N906EV,CRJ,CRJ
VHOQC,380,388
751EV,CR7,CR7
B18915,350,359
B5918,330,332
B6402,330,333
B8863,330,332
N947NN,737,738
VHOJT,747,744
N104NN,32S,32B
N539EA,CR7,CR7
N969NN,737,738
N122NN,321,321
N413YX,EMJ,E75
N434YX,EMJ,E75
N522AE,CR7,CR7
N542UW,321,321
N940NN,737,738
P2ANP,DH8,DH3
VHNHC,100,100
VHQOT,DH8,DH4
761ND,CR7,CR7
AC802,787,788
B6365,777,773
B7868,777,773
N328RR,737,7M8
N854NN,737,738
N951NN,737,738
VHKDK,SF3,SFF
A6EUE,380,388
DQFJH,737,73H
VH395,DH8,DH3
VHTQK,DH8,DH3
VHVFI,320,320
ZKOJB,32S,320
ZKOJE,32S,320
A6EMV,777,773
A6EWC,777,77L
CCBGA,787,789
N120HQ,EMJ,E75
N221NN,EMJ,E75
N324RA,737,7M8
N645AE,ERJ,ER4
N753AN,777,772
N908AE,ERJ,ER4
N943NN,737,738
ZKNZK,787,789
ANV,F70,F70
B2047,777,773
BKQX,777,77W
C409,DH8,DH4
C419,DH8,DH4
CCCXC,767,763
N102UW,32S,320
N342AN,767,763
N375HA,330,332
N966NN,737,738
VHVYH,737,73H
C403,DH8,DH4
N206UW,321,321
N585UW,321,321
N812AE,ERD,ERD
AC704,777,77L
B7365,777,773
BLAP,330,333
N102NN,32S,32B
N722EV,CR7,CR7
N981NN,737,738
P2PANE,100,100
RPC8784,330,333
A6ENV,777,77W
B2085,777,773
HL8259,330,333
N849AE,ERD,ERD
RPC9906,320,320
C215,737,73W
N827AN,787,789
N916US,321,321
N940UW,757,752
VHOJM,747,744
YJAV8,737,73H
A6EDF,380,388
B6533,330,332
BLAR,330,333
N466SW,CRJ,CRJ
N524UW,321,321
N832AA,787,789
N921US,321,321
N940AN,737,738
VH372,DH8,DH3
A6EMP,777,77W
AC801,787,788
GSTBG,777,777
N802AN,787,788
N9617R,M80,M80
VHNXI,717,717
VHYQX,717,717
ZKNZE,787,789
BLPN,330,333
CCBGF,787,789
N517AE,CR7,CR7
N610AE,ERJ,ER4
N658AE,ERJ,ER4
N751EV,CR7,CR7
N810NN,737,738
CCBAD,32S,320
N771AN,777,772
N969AN,737,738
A6EDJ,380,388
A6EEN,380,388
A6EPG,777,77W
BLJN,747,744
N254NN,EMJ,E75
N342RX,737,7M8
N543EA,CR7,CR7
N556UW,321,321
N809AW,319,319
N845NN,737,738
N846AE,ERD,ERD
N945NN,737,738
N408YX,EMJ,E75
N575UW,321,321
N617AE,ERJ,ER4
N806AW,319,319
N960AN,737,738
P2ANJ,100,100
RPC9915,320,320
VHOQI,380,388
ZKNZC,787,789
A6ECR,777,77W
A6ENM,777,77W
B6532,330,330
C240,737,73W
C263,737,73W
CFRTG,787,789
N119HQ,EMJ,E75
N153AN,321,321
N393AN,767,763
N842NN,737,738
A6EGB,777,77W
A6EUO,380,388
B2087,777,773
N555AN,M80,M80
N723UW,319,319
N838AW,319,319
N950UW,E90,E90
N968AN,737,738
RPC3501,350,359
B18310,330,333
B5968,330,332
C446,DH8,DH4
N723AN,777,77W
N754AN,777,772
N805AN,787,788
N808NN,737,738
N820AE,ERD,ERD
RPC8783,330,333
VKJ,788,788
HL7423,747,744
N112AN,32S,32B
N140AN,321,321
N543UW,321,321
N948AN,737,738
VHNXK,717,717
A6EEM,380,388
A6EGL,777,77W
A6ENG,777,77W
N234JW,EMJ,E75
N342PM,737,738
N714US,319,319
VH001,320,320
C219,737,73W
C821,737,73H
N393HA,330,332
N447YX,EMJ,E75
N612QX,CR7,CR7
A6ECD,777,77W
A6EOR,380,388
A6EPI,777,77W
N657AE,ERJ,ER4
VHVZI,737,73H
A6EMT,777,77W
B5902,330,332
CFIUA,777,77L
JA863J,787,789
N414YX,EMJ,E75
N831AE,ERD,ERD
CFVLX,787,789
FOJTN,340,343
GSTBC,777,777
N153UW,321,321
N240NN,EMJ,E75
FOHSD,330,332
N131NN,321,321
N988NN,737,738
A6EOD,380,388
A6EUT,380,388
B18357,330,333
C833,737,73H
CCBGD,787,789
JA840J,787,788
N172AJ,757,757
N182AN,757,757
N680AW,32S,320
N880AS,CRJ,CRJ
N912AN,737,738
N980TW,M80,M80
ZKNNE,32S,32Q
A6EWA,777,77L
N133AN,321,321
N387AM,767,763
N604AW,32S,320
N864AS,CRJ,CRJ
VHVGY,320,320
ZKOKC,777,772
ZKOKD,777,772
A6EOA,380,388
A6EPW,777,77W
C231,737,73W
N383HA,330,332
N744EV,CR7,CR7
N952AA,737,738
VHJFB,100,F70
BLAE,350,359
C610,737,736
N108UW,32S,320
N605QX,CR7,CR7
N710UW,319,319
N763SK,CR7,CR7
RPC8760,320,320
VHFKC,100,100
VHXZK,737,73H
A6EOQ,380,388
N238NN,EMJ,E75
N438AA,M80,M80
N836AA,787,789
N957AN,737,738
A6EEK,380,388
B6543,330,332
HL7418,747,744
N674RJ,ERJ,ER4
N905NN,737,738
VHOEH,747,744
VHVXR,737,73H
VNA889,350,359
B2005,777,773
B5970,330,333
N180US,321,321
N586UW,321,321
N716EV,CR7,CR7
N738US,319,319
N832AW,319,319
N962TW,319,319
P2PXD,737,73G
RPC9934,321,321
VHVZX,737,73H
A6EBP,777,77W
A6EBU,777,77W
B6138,330,333
C309,737,7M8
CCBAZ,32S,320
CCBFL,32S,320
N807AW,319,319
N991AU,321,321
VHKDB,SF3,SFF
VHNXN,717,717
4RALB,330,332
A6EPS,777,77W
BLRS,350,359
N114UW,32S,320
N914AN,737,738
VHSBG,DH8,DH3
ZKOKE,777,772
ZKOKS,777,77W
A6EEO,380,388
A6EPU,777,77W
BLJM,747,744
CCBFF,32S,320
N536UW,321,321
N93003,319,319
VHJFE,F70,F70
VHNXD,717,717
VHQON,DH8,DH4
A6EGO,777,77W
A6EOV,380,388
A6EQI,777,77W
B5903,330,332
CCCXJ,767,763
N633AE,ERJ,ER4
N779AN,777,772
N836AE,ERD,ERD
N841AN,787,789
N853NN,737,738
N938NN,737,738
A6EPX,777,77W
A6EQM,777,77W
B5917,330,330
B6080,330,333
C223,737,73W
N108HQ,EMJ,E75
N176AA,757,757
N257NN,EMJ,E75
N384AA,767,763
N9624T,M80,M80
VHVQE,320,320
ZKOKA,777,772
A6EPN,777,77W
B304N,350,359
C808,737,73H
N664MS,ERJ,ER4
N784AN,777,772
N823NN,737,738
N826AN,787,789
N840AN,787,788
N978AN,737,738
B18906,350,359
B5952,330,332
CCBAX,32S,320
N379AA,330,332
N668AW,32S,320
N873NN,737,738
N937AN,737,738
VHANT,EMJ,E70
VHEBS,330,332
AC705,777,77L
C412,DH8,DH4
C416,DH8,DH4
C823,737,73H
N155NN,321,321
N374HA,330,332
N582UW,321,321
N821AN,787,789
N933JN,ERJ,ER4
N954AN,737,738
VHOQG,380,388
N437YX,EMJ,E75
N563UW,321,321
N649PP,ERJ,ER4
N763US,319,319
N820AW,319,319
N910AN,737,738
VHVQZ,320,320
VKK,788,788
ZKOJK,32S,320
AC837,787,788
B2035,777,773
B6115,330,332
C848,737,73H
CCBEL,321,321
CFIUJ,777,77L
N872NN,737,738
VHNJM,146,14Z
VHVGD,320,320
VHVQU,32S,320
B6090,330,332
BLBC,330,333
DQFJV,330,332
N189AN,757,757
N755SK,CR7,CR7
N761AJ,777,772
N8001N,319,319
N847NN,737,738
N9002U,319,319
N970TW,M80,M80
RPC8766,320,320
VHEKT,SF3,SFF
A6ECH,777,77W
BKQJ,777,77W
N415YX,EMJ,E75
N489AA,M80,M80
N663AW,737,738
N738EV,CR7,CR7
VHANA,SWM,SWM
VHVXD,737,73H
A6EBQ,777,77W
A6EON,380,388
A6EVA,380,388
JA03JJ,JET,320
N105NN,32S,32B
N358PW,737,738
N419YX,EMJ,E75
N546UW,321,321
N953AN,737,738
B6117,330,333
BLRP,350,359
HL7775,777,77L
N553UW,321,321
N646AE,ERJ,ER4
N662EH,ERJ,ER4
N832HK,ERJ,ER4
N979NN,737,738
TQD,DH8,DH3
VHVFJ,320,320
VKG,788,788
ZSSXZ,330,332
A6ECJ,777,77W
A6ENI,777,77W
B18908,350,359
B7883,777,773
JA740J,777,77W
N246NN,EMJ,E75
N249NN,EMJ,E75
N376HA,330,332
N579UW,321,321
N732US,319,319
N901AA,321,321
RPC8616,320,320
B6540,330,332
B8383,330,333
CCBEM,321,321
CCCXG,767,763
RPC9930,330,332
VHVFP,320,320
A6EVH,380,388
BLBB,330,333
N730AN,777,77W
N7548A,M80,M80
N976AN,737,738
VHVKH,787,788
A6EQE,777,77W
CCBAJ,32S,320
N111HQ,EMJ,E75
N630AE,ERJ,ER4
N773AN,777,772
N920NN,737,738
N941UW,757,752
N964NN,737,738
P2ANT,100,100
RPC9909,320,320
VHQQR,F70,F70
VHXZO,737,73H
A6EEJ,380,388
AC808,787,788
B8321,330,332
BLAI,330,333
CCBAV,32S,320
ECMTU,787,789
N122HQ,EMJ,E75
N274NN,EMJ,E75
N283AY,330,332
N437AA,M80,M80
N439AA,M80,M80
N753EV,CR7,CR7
P2PXW,767,763
VHVQF,320,320
VHVXP,737,73H
A6EUS,380,388
N385HA,330,332
VHXML,73F,73Y
ZKNNB,32S,32Q
B5926,330,332
B6082,330,332
C228,737,73W
C450,DH8,DH4
N175AN,757,757
N361HA,330,332
N392HA,330,332
N540UW,321,321
C820,737,73H
C832,737,73H
CCCXK,767,763
N306NY,737,738
N616QX,CR7,CR7
N656AW,32S,320
N750EV,CR7,CR7
N9025B,319,319
N967NN,737,738
VHXWO,100,100
A6EEA,380,388
B6081,330,332
BLAJ,330,333
N962AN,737,738
P2ANH,100,100
A6EMM,777,773
A6END,777,77W
C258,737,73W
C420,DH8,DH4
C822,737,73H
CCCOK,32S,320
N383AN,767,763
N580UW,321,321
N905EV,CRJ,CRJ
N9626F,M80,M80
VHXZG,737,73H
VHYQY,717,717
ZKNZL,787,789
BKPJ,777,77W
N250NN,EMJ,E75
N5007E,319,319
N984TW,M80,M80
P2ANW,F28,DF9
RPC8765,330,332
B6131,330,333
JA702J,777,777
N121HQ,EMJ,E75
N134AN,321,321
VHVQW,320,320
VHXWT,100,100
A6EOH,380,388
BKPG,777,77W
CFITL,777,77L
N154UW,321,321
N169UW,321,321
N376AN,767,763
N737US,319,319
N825AA,787,789
N972UY,321,321
VHNHV,100,100
B6548,330,330
CCBEE,32S,320
CFVLQ,787,789
JA864J,787,789
N154AA,321,321
N396AN,767,763
N430YX,EMJ,E75
N530EA,CR7,CR7
N814NN,737,738
N817AN,787,788
N914NN,737,738
N943AN,737,738
B5927,330,332
C611,737,736
HL7640,380,388
N292AY,330,332
RPC9905,320,320
758EV,CR7,CR7
AC834,787,788
N316PF,737,738
N509AY,321,321
N762SK,CR7,CR7
N806AA,787,789
N961NN,737,738
VHQQW,F70,F70
VHVYD,737,73H
B1065,330,330
B5921,330,332
CCBEO,321,321
CCCQO,32S,320
N746UW,319,319
A6E6M,777,77W
A6ECC,777,77W
A6EGM,777,77W
B1113,787,789
C405,DH8,DH4
C413,DH8,DH4
N126AN,321,321
N632AE,ERJ,ER4
A6EGI,777,77W
B18356,330,333
B7369,777,773
BLRM,350,359
C672,767,76W
C842,737,73H
N402YX,EMJ,E75
N521AE,CR7,CR7
N907AN,737,738
N924US,321,321
VHOEF,747,744
ZKOKQ,777,77W
A6EEQ,380,388
A6EPM,777,77W
B1428,777,773
BLJJ,747,744
C845,737,73H
N112US,321,321
N823AW,319,319
N837NN,737,738
N920US,321,321
VHQOV,DH8,DH4
A6EGT,777,77W
A6EUG,380,388
BKQF,777,77W
C846,737,73H
CGHQY,787,788
JA866J,787,789
N748UW,319,319
N767SK,CR7,CR7
VHNJI,146,14Z
VNA899,350,359
ZKNZH,787,789
B1112,787,789
B8359V,330,330
CFVNF,787,789
JA876J,787,789
N247NN,EMJ,E75
N930AU,321,321
N935AN,737,738
N982TW,M80,M80
VHVQM,320,320
VHXWN,100,100
A6EOK,380,388
B8361,330,332
N150NN,321,321
N9012,319,319
N917AN,737,738
N972NN,737,738
PEANQ,100,100
BKQP,777,77W
N538EG,CR7,CR7
N584UW,321,321
N617QX,CR7,CR7
N654AW,32S,320
N675AE,ERJ,ER4
N821NN,737,738
P2ANC,100,100
VHVXA,737,73H
VHVYJ,737,73H
N220NN,EMJ,E75
N230NN,EMJ,E75
N766SK,CR7,CR7
N818AE,ERD,ERD
N933AN,737,738
RPC8786,330,333
VHFKV,F50,F50
A6EDQ,380,388
BKQH,777,77W
C670,767,76W
N684JW,ERJ,ER4
N835AW,319,319
N9019F,319,319
RPC8785,330,333
VHNJZ,146,14Z
VHSCE,DH8,DH3
A6EPJ,777,77W
B18361,330,333
BKQM,777,77W
N649AW,32S,320
N956UW,E90,E90
VH21JJ,320,320
VHNHZ,100,100
VNA897,350,359
A6EDD,380,388
B18905,350,359
BLAO,330,333
N128UW,319,319
N719SK,CR7,CR7
N788AN,777,772
VHVFN,320,320
ZKOJD,32S,320
AC701,777,77L
N109NN,32S,32B
N164NN,321,321
N173AN,757,757
VHEBV,330,332
VHQOF,DH8,DH4
VHUQG,100,100
B2038,777,773
BKQA,777,77W
N194AA,757,757
N583UW,321,321
N730US,319,319
N736AT,777,77W
N839AW,319,319
N922NN,737,738
N995NN,737,738
B2086,777,773
N572UW,321,321
N650AE,ERJ,ER4
N813NN,737,738
N989AN,737,738
VHVGN,320,320
VHVZL,737,73H
B6516,330,332
CCBAM,32S,320
CFVLO,787,788
E6EDJ,380,388
N200UU,757,752
N677AN,757,757
A6EUY,380,388
CFVNB,787,788
N835NN,737,738
SBI,DH8,DH3
VHNXO,717,717
VHONU,737,733
VHVXL,737,73H
B18907,350,359
BLJD,747,744
N523UW,321,321
N608QX,CR7,CR7
N659AW,32S,320
N829AW,319,319
N932AN,737,738
P2ANS,F70,F70
P2NAT,DH8,DH8
ZKNNC,32S,32Q
A6EOS,380,388
B5977,330,333
N288AY,330,332
N615AE,ERJ,ER4
N915US,321,321
VNA868,787,788
N109HQ,EMJ,E75
N248NN,EMJ,E75
N718EV,CR7,CR7
N749US,319,319
N770UW,319,319
N853AE,ERD,ERD
N922US,321,321
VHVGR,320,320
CCBAT,32S,320
CFIUR,777,77L
N192AN,767,763
N655AE,ERJ,ER4
N964AN,737,738
ZKZQB,737,73H
B7881,777,773
N132HQ,EMJ,E75
N339PL,737,738
N661AW,319,319
N830AN,787,789
N864NN,737,738
CCCQM,32S,320
N928AE,ERJ,ER4
N998AN,321,321
VHVGJ,320,320
N902AA,321,321
N932NN,737,738
N957UW,E90,E90
ZSSNH,340,343
763EV,CR7,CR7
A6EOG,380,388
B18461,330,333
BLAC,330,333
BLRL,350,359
N160AN,321,321
N286AY,330,332
N429YX,EMJ,E75
N766AN,777,772
N844AE,ERD,ERD
N973UY,321,321
VHVKK,787,788
A6EPA,777,77W
BKPD,777,77W
C257,737,73W
C425,DH8,DH4
CCBGN,787,789
HL7597,777,772
N245NN,EMJ,E75
N253NN,EMJ,E75
N780AN,777,772
N918NN,737,738
VHVXI,737,73H
ZKOJO,32S,320
A6EBM,777,77W
B5920,330,332
BKPP,777,77W
JA868J,787,789
N360AA,32S,32B
N390HA,330,332
N600QX,CR7,CR7
N670AE,ERJ,ER4
N913NN,737,738
VHOQA,380,388
VHVXS,737,73H
N369AA,767,763
N818NN,737,738
N825AN,787,789
VHVFT,320,320
B5978,330,333
C830,737,73H
N282AY,330,332
N817AW,319,319
N836HK,ERJ,ER4
N9619V,M80,M80
VHOEI,747,744
A6EOL,380,388
B1049,330,332
N699AE,ERJ,ER4
N700UW,319,319
P2PXI,DH8,DH3
VHNXM,717,717
VHVQK,320,320
A6EEZ,380,388
AC702,777,77L
B18317,330,333
N126HQ,EMJ,E75
N315RJ,737,738
N778AN,777,772
N793AN,777,772
N816AE,ERD,ERD
N824AE,ERD,ERD
N924AN,737,738
VHEFR,76F,76Y
VNA892,350,359
ZKOKB,777,772
A6EDY,380,388
A6ENW,777,77W
AC832,787,788
B8385,330,333
BLAG,330,333
CFIUV,777,77L
CFRTU,787,789
N806AE,ERD,ERD
N931AN,737,738
N961TW,M80,M80
VHANN,EM2,EM2
VHVZK,737,73H
CCBEG,321,321
CCBJA,767,763
N696AE,ERJ,ER4
N751AN,777,772
A6EBE,777,77W
B300V,330,330
C829,737,73H
C839,737,73H
N203UW,757,752
N554UW,321,321
N568UW,321,321
N806NN,737,738
N946NN,737,738
A6EEH,380,388
CCBFJ,32S,320
JA837J,787,788
N759AN,777,772
N816AA,787,788
N927AN,737,738
N941NN,737,738
VHQPA,330,333
B1073,330,332
B18006,777,77W
BLJL,747,744
N423SW,CRJ,CRJ
N901EV,CRJ,CRJ
VHFKW,F50,F50
VHVYC,737,73H
VHZNH,787,789
A6EOM,380,388
CCBAK,32S,320
CFKAU,777,77L
N102HQ,EMJ,E75
N113HQ,EMJ,E75
N343AN,767,763
N573UW,321,321
N821AW,319,319
N825NN,737,738
VH376,DH8,DH3
VHEBC,330,332
VHVZW,737,73H
VNA894,350,359
C438,DH8,DH4
JA862J,787,789
N127UW,32S,320
N933NN,737,738
VHSBJ,DH8,DH3
VNA866,787,788
A6ENY,777,77W
C841,737,73H
N122US,32S,320
N157UW,321,321
N195AN,757,757
N225NN,EMJ,E75
N232NN,EMJ,E75
N561UW,321,321
N606AE,ERD,ERD
N727SK,CR7,CR7
N769US,319,319
N799AN,777,772
RPC3504,350,359
A6EGA,777,77W
B5967,330,333
CFGFZ,787,788
RPC8612,320,320
VHVGU,320,320
BKPO,777,77W
N658AW,32S,320
N765AN,777,772
N765US,319,319
N816AW,319,319
N902BC,ERJ,ER4
N967AN,737,738
VHNPU,100,100
N130AN,321,321
N303RG,737,7M8
N431YX,EMJ,E75
N70020,319,319
N896NN,737,738
N902AN,737,738
N965AN,737,738
VHNQE,100,100
VHTQZ,DH8,DH3
VHXJE,320,320
VHYQT,717,717
VHYQW,717,717
A6EVE,380,388
A6EWG,777,77L
B5941,330,332
C852,737,73H
N702UW,319,319
N891NN,737,738
N934AA,321,321
N9628W,M80,M80
N974UY,321,321
A6EBI,777,77W
B1111,787,789
N926NN,737,738
N970NN,737,738
VHFKG,100,100
VHVQC,320,320
A6EBX,777,77W
A6ENL,777,77W
A6EUP,380,388
BLRR,350,359
CCBHF,32S,320
N185UW,321,321
N603QX,CR7,CR7
N843AE,ERD,ERD
VHEBD,330,332
VHVXJ,737,73H
A6EDO,380,388
A6EGN,777,77W
A6EQP,777,77W
C805,737,73H
N127AA,321,321
N172US,321,321
N653AW,32S,320
N768AA,777,772
P2PXV,767,763
RPC9929,320,320
VHANV,EMJ,E70
VHXZM,737,73H
A6ENF,777,77W
A6ENT,777,77W
A6EPR,777,77W
N724UW,319,319
N783AN,777,772
N884NN,737,738
N9010R,319,319
VHLQF,DH8,DH4
VHVQA,32S,320
VHVZS,737,73H
B6549,330,332
C811,737,73H
CCBBG,787,789
N178US,321,321
N233NN,EMJ,E75
N665AW,32S,320
A6ENO,777,77W
A6EUU,380,388
B2043,777,773
C840,737,73H
CFIVW,777,77L
N789AN,777,772
VH03JJ,320,320
VHQPD,330,333
VHVGI,320,320
ECMTT,330,332
GSBTH,777,777
N184AN,757,757
N90024,319,319
RPC9903,320,320
TQM,DH8,DH3
C603,737,736
N540EG,CR7,CR7
VHVYA,737,73H
HL7755,777,77L
N631AE,ERJ,ER4
N930AN,737,738
N969TW,M80,M80
VHEBF,330,332
A6EUD,380,388
C301,737,7M8
CFRAM,777,77L
DQFJM,737,73H
ZSSXF,340,343
A6EDL,380,388
A6EQC,777,77W
B2003,777,773
BLRA,350,359
CCCQN,320,320
N435YX,EMJ,E75
N695AE,ERJ,ER4
N826AW,319,319
P2PXC,100,100
759EV,CR7,CR7
A6EMU,777,77W
B5908,330,332
C226,737,73W
N167AN,321,321
N764SK,CR7,CR7
N827NN,737,738
N829NN,737,738
VHOQL,380,388
VHVZG,737,73H
B16309,330,332
BLJB,747,744
CFVLZ,787,789
N123UW,319,319
N147AA,321,321
N740SK,CR7,CR7
N850AE,ERD,ERD
N903AA,321,321
C433,DH8,DH4
CCBFN,32S,320
CCBHB,32S,320
N204UW,321,321
N432YX,EMJ,E75
N726SK,CR7,CR7
N848AE,ERD,ERD
N967TW,M80,M80
VHOQH,380,388
VHSBB,DH8,DH3
VHVZP,737,73H
B8358,330,330
CCBBJ,787,788
N227NN,EMJ,E75
N562UW,321,321
N802AW,319,319
N824NN,737,738
ZKNNA,32S,32Q
N352PS,737,738
N370HA,330,332
N713SK,CR7,CR7
N815NN,737,738
N857AE,ERD,ERD
P2ANF,100,100
N114HQ,EMJ,E75
N131HQ,EMJ,E75
N349AN,767,763
N528EG,CR7,CR7
N654AE,ERJ,ER4
N757AN,777,772
N899NN,737,738
VHANK,EM2,EM2
A6EEL,380,388
BLJE,747,744
C002,737,73W
C259,737,73W
C801,737,73H
N104UW,32S,320
N198AA,757,757
N667AW,32S,320
N744P,319,319
N800AE,ERD,ERD
N818AL,787,788
N820NN,737,738
N860NN,737,738
VNA870,787,788
A6ECW,777,77W
BKPC,777,77W
CCBDC,767,763
N163AA,321,321
N229NN,EMJ,E75
N667GB,ERJ,ER4
A6EDI,380,388
A6EED,380,388
B6136,380,380
CCBBC,787,788
N505AE,EMJ,E75
N657AW,32S,320
N845AE,ERD,ERD
N918AE,ERJ,ER4
VH374,DH8,DH3
VHQOE,DH8,DH4
A6EEB,380,388
A6EGJ,777,77W
A6ENP,777,77W
C428,DH8,DH4
C671,767,76W
C826,737,73H
CCBEJ,321,321
DQFAD,737,7M8
HL7739,777,77L
JA741J,777,77W
N139AN,321,321
N424YX,EMJ,E75
N760AN,777,772
N856AE,ERD,ERD
N931NN,737,738
A6EPL,777,77W
N805AW,319,319
N908NN,737,738
N9621A,M80,M80
N982AN,737,738
N997AA,321,321
VHXMR,73F,73Y
ZSSXX,340,346
A6EDU,380,388
A6EGU,777,77W
BLAH,330,333
C213,737,73W
C262,737,73W
DQFN,737,73H
N101NN,32S,32B
N105HQ,EMJ,E75
N323RM,737,7M8
N581UW,321,321
N620AE,ERJ,ER4
N709SK,CR7,CR7
N834NN,737,738
N882NN,737,738
VHANW,EM2,EM2
ZSSNC,340,346
C836,737,73H
CCBAC,32S,320
N284AY,330,332
N301NW,737,738
N950NN,737,738
VHEBO,330,332
VHLQG,DH8,DH4
ZKOJH,32S,320
A6EEE,380,388
BKQZ,777,77W
N200NV,737,738
N343RY,737,7M8
N344AN,767,763
N616AE,ERJ,ER4
N678AW,320,320
N809NN,737,738
N815AE,ERD,ERD
N909EV,CRJ,CRJ
N981AN,737,738
A6EGD,777,77W
A6EGV,777,77W
C402,DH8,DH4
N813AE,ERD,ERD
N928EV,CRJ,CRJ
RPC3437,340,343
VHOEB,747,744
A6EEP,380,388
A6EGC,777,77W
AC842,787,788
N820AL,787,789
VHVGT,320,320
BKPF,777,77W
VHQOY,DH8,DH4
VHVFK,320,320
VHVLI,73F,73Y
ZSSXB,340,343
A6E00,380,388
A6EPP,777,77W
CCBAH,321,321
CCBFM,32S,320
N110UW,32S,320
N778SK,CR7,CR7
N850NN,737,738
A6EWH,777,77L
B6102,330,333
CFNOE,787,788
CFRSR,787,789
N165US,321,321
N178AA,757,757
N344PP,737,738
N921NN,737,738
N934AN,737,738
RPC8762,330,332
VHVZZ,737,73H
VHXWS,100,100
B18358,330,333
C217,737,73W
C612,737,736
N106HQ,EMJ,E75
N306PB,737,738
N381HA,330,332
N710SK,CR7,CR7
N837AN,787,789
N9013A,319,319
N906AE,ERJ,ER4
N925AE,ERJ,ER4
ZSSXA,340,343
ZSSXU,340,343
